item,brand,units per pack,price per pack,quantity of packs
Bleach,Blanchite,5,3550,2
Chickpeas,Southern Style,2,2600,5
Coffee,Colombia Select,2,4180,5
Flour,Neighbor Mills,10,5200,1
Lentils,Southern Style,2,2378,5
Rice,Best Family,10,5650,1
Sardines,Fresh Caught,3,2727,3
Soap,Sunny Day,6,1794,2
Spaghetti,Best Family,1,327,10
Sugar,Good Price,1,565,10
Tea,Superior,5,2720,2
Tofu,Gourmet Choice,1,1580,10
Tomato sauce,Best Family,1,190,10
UHT milk,Atlantic,6,4560,2
Vegetable oil,Crafco,12,10020,1
