,item,total units,price per unit
0,Bleach,10,710.0
1,Chickpeas,10,1300.0
2,Coffee,10,2090.0
3,Flour,10,520.0
4,Lentils,10,1189.0
5,Rice,10,565.0
6,Sardines,9,909.0
7,Soap,12,299.0
8,Spaghetti,10,327.0
9,Sugar,10,565.0
10,Tea,10,544.0
11,Tofu,10,1580.0
12,Tomato sauce,10,190.0
13,UHT milk,12,760.0
14,Vegetable oil,12,835.0
